INSERT INTO Address (AddressID,AddressLine1,AddressLine2,City,Email,Region,AddressState,Zip) VALUES (1,'5240 Ac, St.','','Oklahoma City','vel.convallis@nibhsitamet.net','','OK',38888);
INSERT INTO Address (AddressID,AddressLine1,AddressLine2,City,Email,Region,AddressState,Zip) VALUES (2,'Ap #356-8971 Vulputate, Road','','Little Rock','Vestibulum.ante.ipsum@vestibulumnequesed.net','','AR',72905);
INSERT INTO Address (AddressID,AddressLine1,AddressLine2,City,Email,Region,AddressState,Zip) VALUES (3,'P.O. Box 712, 7743 Luctus, Rd.','','Evansville','sem.consequat@orciluctuset.com','','IN',79645);
INSERT INTO Address (AddressID,AddressLine1,AddressLine2,City,Email,Region,AddressState,Zip) VALUES (4,'4490 Vivamus Ave','','Shreveport','nulla.Integer@posuerecubiliaCurae.co.uk','','LA',79020);
INSERT INTO Address (AddressID,AddressLine1,AddressLine2,City,Email,Region,AddressState,Zip) VALUES (5,'P.O. Box 568, 3452 Amet, Rd.','','Essex','dapibus@auctorvitae.co.uk','','VT',40571);
INSERT INTO Address (AddressID,AddressLine1,AddressLine2,City,Email,Region,AddressState,Zip) VALUES (6,'Ap #566-7954 Magna. Road','','Houston','dolor.Fusce.feugiat@orciadipiscing.co.uk','','TX',85333);
INSERT INTO Address (AddressID,AddressLine1,AddressLine2,City,Email,Region,AddressState,Zip) VALUES (7,'8097 Nisi Avenue','','Evansville','sollicitudin.orci.sem@ornareelitelit.com','','IN',65321);
INSERT INTO Address (AddressID,AddressLine1,AddressLine2,City,Email,Region,AddressState,Zip) VALUES (8,'P.O. Box 565, 4007 Risus. Av.','','Colchester','urna@nasceturridiculusmus.edu','','VT',61275);
INSERT INTO Address (AddressID,AddressLine1,AddressLine2,City,Email,Region,AddressState,Zip) VALUES (9,'P.O. Box 201, 3944 Enim. Av.','','Tulsa','Cras.sed.leo@blandit.com','','OK',36841);
INSERT INTO Address (AddressID,AddressLine1,AddressLine2,City,Email,Region,AddressState,Zip) VALUES (10,'P.O. Box 657, 4596 Eros Rd.','','North Las Vegas','amet.diam.eu@facilisisSuspendissecommodo.edu','','NV',98410);
INSERT INTO Address (AddressID,AddressLine1,AddressLine2,City,Email,Region,AddressState,Zip) VALUES (11,'Ap #966-8839 Sodales St.','','Augusta','vitae.erat.vel@nisl.org','','GA',80935);
INSERT INTO Address (AddressID,AddressLine1,AddressLine2,City,Email,Region,AddressState,Zip) VALUES (12,'P.O. Box 185, 2268 Litora Rd.','','Erie','erat@necorci.edu','','PA',56445);
INSERT INTO Address (AddressID,AddressLine1,AddressLine2,City,Email,Region,AddressState,Zip) VALUES (13,'122-1915 Integer Street','','Carson City','pellentesque.massa@Nullatinciduntneque.co.uk','','NV',68655);
INSERT INTO Address (AddressID,AddressLine1,AddressLine2,City,Email,Region,AddressState,Zip) VALUES (14,'P.O. Box 204, 8400 Facilisi. Av.','','Fairbanks','velit@Fuscedolorquam.co.uk','','AK',99834);
INSERT INTO Address (AddressID,AddressLine1,AddressLine2,City,Email,Region,AddressState,Zip) VALUES (15,'618-6436 Nunc Avenue','','Louisville','quam.Pellentesque@ametloremsemper.ca','','KY',21147);
INSERT INTO Address (AddressID,AddressLine1,AddressLine2,City,Email,Region,AddressState,Zip) VALUES (16,'9830 In Road','','Fresno','risus.quis.diam@anteNuncmauris.edu','','CA',94566);
INSERT INTO Address (AddressID,AddressLine1,AddressLine2,City,Email,Region,AddressState,Zip) VALUES (17,'683-278 Ultricies St.','','Burlington','ipsum@adipiscingelitAliquam.co.uk','','VT',14680);
INSERT INTO Address (AddressID,AddressLine1,AddressLine2,City,Email,Region,AddressState,Zip) VALUES (18,'Ap #513-2235 Risus St.','','Indianapolis','massa.Quisque@maurisMorbinon.co.uk','','IN',11277);
INSERT INTO Address (AddressID,AddressLine1,AddressLine2,City,Email,Region,AddressState,Zip) VALUES (19,'748 Sem. Road','','West Jordan','varius@sedliberoProin.co.uk','','UT',46575);
INSERT INTO Address (AddressID,AddressLine1,AddressLine2,City,Email,Region,AddressState,Zip) VALUES (20,'884-7556 Ridiculus Rd.','','Wilmington','arcu.et@acfeugiatnon.ca','','DE',31974);
INSERT INTO Address (AddressID,AddressLine1,AddressLine2,City,Email,Region,AddressState,Zip) VALUES (21,'168-7639 Ligula. Av.','','Cincinnati','nec.imperdiet@SednequeSed.com','','OH',34614);
INSERT INTO Address (AddressID,AddressLine1,AddressLine2,City,Email,Region,AddressState,Zip) VALUES (22,'P.O. Box 626, 3823 Mauris Street','','Overland Park','eget.ipsum@orciUt.org','','KS',58287);
INSERT INTO Address (AddressID,AddressLine1,AddressLine2,City,Email,Region,AddressState,Zip) VALUES (23,'205-4958 Augue, Avenue','','Fort Collins','quam.Curabitur@laciniaat.net','','CO',51253);
INSERT INTO Address (AddressID,AddressLine1,AddressLine2,City,Email,Region,AddressState,Zip) VALUES (24,'9827 Pharetra, St.','','Springdale','cam@Integersemelit.net','','AR',71096);
INSERT INTO Address (AddressID,AddressLine1,AddressLine2,City,Email,Region,AddressState,Zip) VALUES (25,'P.O. Box 354, 9898 Est. Rd.','','Annapolis','Fusce@Nuncmauris.org','','MD',50514);
INSERT INTO Address (AddressID,AddressLine1,AddressLine2,City,Email,Region,AddressState,Zip) VALUES (26,'Ap #125-1989 Mollis Avenue','','Allentown','lorem.tristique@atrisus.net','','PA',98802);
INSERT INTO Address (AddressID,AddressLine1,AddressLine2,City,Email,Region,AddressState,Zip) VALUES (27,'283-3685 Libero. Avenue','','Fort Wayne','ligula.Aliquam.erat@egestasurna.ca','','IN',31580);
INSERT INTO Address (AddressID,AddressLine1,AddressLine2,City,Email,Region,AddressState,Zip) VALUES (28,'925-9382 Magna. St.','','Independence','et@odio.co.uk','','MO',22421);
INSERT INTO Address (AddressID,AddressLine1,AddressLine2,City,Email,Region,AddressState,Zip) VALUES (29,'Ap #854-8545 Nullam St.','','Hartford','ligula@nullaInteger.net','','CT',72650);
INSERT INTO Address (AddressID,AddressLine1,AddressLine2,City,Email,Region,AddressState,Zip) VALUES (30,'424-1045 Et Rd.','','Covington','facilisis@vellectuscam.com','','KY',76096);

INSERT INTO Airport (AirportCode,AirportName,Lattitude,Longitude) VALUES ('KISP','MacArthur Airport','40.7953N','73.1003W');
INSERT INTO Airport (AirportCode,AirportName,Lattitude,Longitude) VALUES ('KDCA','Regan National Airport','38.8522N','77.0378W');
INSERT INTO Airport (AirportCode,AirportName,Lattitude,Longitude) VALUES ('KPHL','Philadelphia International Airport','39.8719N','75.2411W');
INSERT INTO Airport (AirportCode,AirportName,Lattitude,Longitude) VALUES ('KALB','Albany International Airport','42.7492N','73.8019W');

INSERT INTO Pilot (PilotFAAID,MedicalClass,MedicalDate,MedicalExpDate,NeedsVacation,PilotFirstName,PilotLastName,PilotMiddleName,TotalFlyHours,AddressID) VALUES ('90181863','N','2014-10-01','2015-01-09','1','Dylan','White','Erasmus',2,21);
INSERT INTO Pilot (PilotFAAID,MedicalClass,MedicalDate,MedicalExpDate,NeedsVacation,PilotFirstName,PilotLastName,PilotMiddleName,TotalFlyHours,AddressID) VALUES ('63367845','G','2014-08-24','2016-03-24','2','Emma','Zamora','Holly',35,22);
INSERT INTO Pilot (PilotFAAID,MedicalClass,MedicalDate,MedicalExpDate,NeedsVacation,PilotFirstName,PilotLastName,PilotMiddleName,TotalFlyHours,AddressID) VALUES ('93855282','F','2014-05-05','2016-03-05','2','Mohammad','Gonzales','Jerry',117,23);
INSERT INTO Pilot (PilotFAAID,MedicalClass,MedicalDate,MedicalExpDate,NeedsVacation,PilotFirstName,PilotLastName,PilotMiddleName,TotalFlyHours,AddressID) VALUES ('13086596','C','2014-11-08','2015-01-18','2','Arsenio','Stephens','Kyle',286,24);
INSERT INTO Pilot (PilotFAAID,MedicalClass,MedicalDate,MedicalExpDate,NeedsVacation,PilotFirstName,PilotLastName,PilotMiddleName,TotalFlyHours,AddressID) VALUES ('88018669','U','2015-08-28','2014-05-04','2','Arthur','Garcia','Erasmus',904,25);
INSERT INTO Pilot (PilotFAAID,MedicalClass,MedicalDate,MedicalExpDate,NeedsVacation,PilotFirstName,PilotLastName,PilotMiddleName,TotalFlyHours,AddressID) VALUES ('93969652','J','2014-10-15','2015-01-15','1','Jane','Bright','Lillith',766,26);
INSERT INTO Pilot (PilotFAAID,MedicalClass,MedicalDate,MedicalExpDate,NeedsVacation,PilotFirstName,PilotLastName,PilotMiddleName,TotalFlyHours,AddressID) VALUES ('21898032','G','2014-12-23','2014-10-24','1','Price','Waller','Hermione',94,27);
INSERT INTO Pilot (PilotFAAID,MedicalClass,MedicalDate,MedicalExpDate,NeedsVacation,PilotFirstName,PilotLastName,PilotMiddleName,TotalFlyHours,AddressID) VALUES ('16247404','U','2015-05-20','2014-06-02','2','Dennis','Livingston','Ivory',148,28);
INSERT INTO Pilot (PilotFAAID,MedicalClass,MedicalDate,MedicalExpDate,NeedsVacation,PilotFirstName,PilotLastName,PilotMiddleName,TotalFlyHours,AddressID) VALUES ('67687980','U','2014-12-23','2014-04-30','1','Charde','Woods','Fritz',191,29);
INSERT INTO Pilot (PilotFAAID,MedicalClass,MedicalDate,MedicalExpDate,NeedsVacation,PilotFirstName,PilotLastName,PilotMiddleName,TotalFlyHours,AddressID) VALUES ('81705732','E','2014-05-20','2014-07-13','2','Kennan','Barron','Damian',589,30);

INSERT INTO Passenger (PassengerFFN,PassengerName,AddressID,PassengerPhone) VALUES (53414,'Xenos T. Hardy',1,'(778) 377-9095');
INSERT INTO Passenger (PassengerFFN,PassengerName,AddressID,PassengerPhone) VALUES (74012,'Kylan Pittman',2,'(149) 749-4917');
INSERT INTO Passenger (PassengerFFN,PassengerName,AddressID,PassengerPhone) VALUES (31318,'Colton I. Dodson',3,'(910) 126-8687');
INSERT INTO Passenger (PassengerFFN,PassengerName,AddressID,PassengerPhone) VALUES (17178,'Kirk Summers',4,'(783) 580-1638');
INSERT INTO Passenger (PassengerFFN,PassengerName,AddressID,PassengerPhone) VALUES (46737,'Zenaida W. Levy',5,'(955) 860-7214');
INSERT INTO Passenger (PassengerFFN,PassengerName,AddressID,PassengerPhone) VALUES (54240,'Colleen Fleming',6,'(209) 293-3925');
INSERT INTO Passenger (PassengerFFN,PassengerName,AddressID,PassengerPhone) VALUES (15738,'Mallory Q. Osborne',7,'(416) 923-3709');
INSERT INTO Passenger (PassengerFFN,PassengerName,AddressID,PassengerPhone) VALUES (90218,'Serena Russo',8,'(516) 471-3907');
INSERT INTO Passenger (PassengerFFN,PassengerName,AddressID,PassengerPhone) VALUES (50270,'Merritt Sellers',9,'(759) 556-8816');
INSERT INTO Passenger (PassengerFFN,PassengerName,AddressID,PassengerPhone) VALUES (12476,'Macy Burt',10,'(558) 322-7938');
INSERT INTO Passenger (PassengerFFN,PassengerName,AddressID,PassengerPhone) VALUES (75988,'Chester Cook',11,'(703) 297-5320');
INSERT INTO Passenger (PassengerFFN,PassengerName,AddressID,PassengerPhone) VALUES (43117,'Rhoda Allen',12,'(928) 591-5850');
INSERT INTO Passenger (PassengerFFN,PassengerName,AddressID,PassengerPhone) VALUES (92876,'Riley W. Mann',13,'(641) 296-9940');
INSERT INTO Passenger (PassengerFFN,PassengerName,AddressID,PassengerPhone) VALUES (26949,'Cairo A. Anderson',14,'(232) 922-6650');
INSERT INTO Passenger (PassengerFFN,PassengerName,AddressID,PassengerPhone) VALUES (93152,'Idola Whitley',15,'(122) 926-1896');
INSERT INTO Passenger (PassengerFFN,PassengerName,AddressID,PassengerPhone) VALUES (74052,'Lillian D. Hawkins',16,'(613) 102-8924');
INSERT INTO Passenger (PassengerFFN,PassengerName,AddressID,PassengerPhone) VALUES (44593,'Veda P. Moreno',17,'(304) 121-3671');
INSERT INTO Passenger (PassengerFFN,PassengerName,AddressID,PassengerPhone) VALUES (96687,'Brenden L. Hardy',18,'(416) 573-3284');
INSERT INTO Passenger (PassengerFFN,PassengerName,AddressID,PassengerPhone) VALUES (17930,'David C. Roman',19,'(190) 241-4443');
INSERT INTO Passenger (PassengerFFN,PassengerName,AddressID,PassengerPhone) VALUES (26959,'Orli L. Norton',20,'(175) 813-3656');

INSERT INTO AirplaneType (AirplaneTypeID,NumOfEconomy,NumOfFirst,NumOfPremium,NumOfSeats) VALUES ('CRJ700',48,9,8,65);
INSERT INTO AirplaneType (AirplaneTypeID,NumOfEconomy,NumOfFirst,NumOfPremium,NumOfSeats) VALUES ('CRJ100',50,0,0,50);
INSERT INTO AirplaneType (AirplaneTypeID,NumOfEconomy,NumOfFirst,NumOfPremium,NumOfSeats) VALUES ('ERJ145',50,0,0,50);
INSERT INTO AirplaneType (AirplaneTypeID,NumOfEconomy,NumOfFirst,NumOfPremium,NumOfSeats) VALUES ('757-300',177,24,23,224);

INSERT INTO Airplane (AirplaneID,AirplaneTypeID) VALUES ('N0tgrt','CRJ700');
INSERT INTO Airplane (AirplaneID,AirplaneTypeID) VALUES ('N0tbad','CRJ700');
INSERT INTO Airplane (AirplaneID,AirplaneTypeID) VALUES ('Ntg00d','CRJ700');
INSERT INTO Airplane (AirplaneID,AirplaneTypeID) VALUES ('N00dle','CRJ100');
INSERT INTO Airplane (AirplaneID,AirplaneTypeID) VALUES ('Nearly','CRJ100');
INSERT INTO Airplane (AirplaneID,AirplaneTypeID) VALUES ('Notfun','ERJ145');
INSERT INTO Airplane (AirplaneID,AirplaneTypeID) VALUES ('N0000','757-300');

INSERT INTO PilotRate (AirplaneTypeID,CertExpDate,CertLevel,CertType,PilotFAAID,Ratings,RecordType) VALUES ('757-300','2014-05-03','A','X','16247404','WMW6','');
INSERT INTO PilotRate (AirplaneTypeID,CertExpDate,CertLevel,CertType,PilotFAAID,Ratings,RecordType) VALUES ('757-300','2014-11-04','M','T','21898032','AXD3','');
INSERT INTO PilotRate (AirplaneTypeID,CertExpDate,CertLevel,CertType,PilotFAAID,Ratings,RecordType) VALUES ('757-300','2015-03-12','V','I','67687980','TMP1','');
INSERT INTO PilotRate (AirplaneTypeID,CertExpDate,CertLevel,CertType,PilotFAAID,Ratings,RecordType) VALUES ('757-300','2014-09-03','F','R','81705732','APH0','');
INSERT INTO PilotRate (AirplaneTypeID,CertExpDate,CertLevel,CertType,PilotFAAID,Ratings,RecordType) VALUES ('CRJ100','2015-03-11','Q','V','13086596','QRF1','');
INSERT INTO PilotRate (AirplaneTypeID,CertExpDate,CertLevel,CertType,PilotFAAID,Ratings,RecordType) VALUES ('CRJ100','2014-10-09','E','H','16247404','RHO7','');
INSERT INTO PilotRate (AirplaneTypeID,CertExpDate,CertLevel,CertType,PilotFAAID,Ratings,RecordType) VALUES ('CRJ100','2015-04-21','M','J','21898032','AJG6','');
INSERT INTO PilotRate (AirplaneTypeID,CertExpDate,CertLevel,CertType,PilotFAAID,Ratings,RecordType) VALUES ('CRJ100','2015-04-12','E','A','63367845','RAU7','');
INSERT INTO PilotRate (AirplaneTypeID,CertExpDate,CertLevel,CertType,PilotFAAID,Ratings,RecordType) VALUES ('CRJ100','2014-10-13','J','Q','88018669','AUN6','');
INSERT INTO PilotRate (AirplaneTypeID,CertExpDate,CertLevel,CertType,PilotFAAID,Ratings,RecordType) VALUES ('CRJ100','2016-03-02','W','U','93855282','CAD3','');
INSERT INTO PilotRate (AirplaneTypeID,CertExpDate,CertLevel,CertType,PilotFAAID,Ratings,RecordType) VALUES ('CRJ700','2014-08-15','F','B','63367845','YFX7','');
INSERT INTO PilotRate (AirplaneTypeID,CertExpDate,CertLevel,CertType,PilotFAAID,Ratings,RecordType) VALUES ('CRJ700','2015-07-12','Z','O','67687980','XCV4','');
INSERT INTO PilotRate (AirplaneTypeID,CertExpDate,CertLevel,CertType,PilotFAAID,Ratings,RecordType) VALUES ('CRJ700','2014-07-15','J','P','81705732','YBA9','');
INSERT INTO PilotRate (AirplaneTypeID,CertExpDate,CertLevel,CertType,PilotFAAID,Ratings,RecordType) VALUES ('CRJ700','2016-01-02','S','R','90181863','QCQ5','');
INSERT INTO PilotRate (AirplaneTypeID,CertExpDate,CertLevel,CertType,PilotFAAID,Ratings,RecordType) VALUES ('ERJ145','2015-12-31','A','N','81705732','ZLG6','');
INSERT INTO PilotRate (AirplaneTypeID,CertExpDate,CertLevel,CertType,PilotFAAID,Ratings,RecordType) VALUES ('ERJ145','2016-03-06','U','P','93969652','VTC3','');

INSERT INTO Flight (FlightNumber,ArrivalAirport,DeptAirport,SchArrivalTime,SchDepTime,EconomyPrice,PremiumPricing,FirstPricing,AirplaneID) VALUES (1,'KPHL','KISP','09:00:00','08:00:00',250,300,500,'Notfun');
INSERT INTO Flight (FlightNumber,ArrivalAirport,DeptAirport,SchArrivalTime,SchDepTime,EconomyPrice,PremiumPricing,FirstPricing,AirplaneID) VALUES (2,'KISP','KPHL','13:00:00','12:00:00',200,250,400,'Notfun');
INSERT INTO Flight (FlightNumber,ArrivalAirport,DeptAirport,SchArrivalTime,SchDepTime,EconomyPrice,PremiumPricing,FirstPricing,AirplaneID) VALUES (3,'KPHL','KISP','16:00:00','15:00:00',250,300,450,'Notfun');
INSERT INTO Flight (FlightNumber,ArrivalAirport,DeptAirport,SchArrivalTime,SchDepTime,EconomyPrice,PremiumPricing,FirstPricing,AirplaneID) VALUES (4,'KISP','KPHL','20:00:00','19:00:00',250,300,500,'Notfun');
INSERT INTO Flight (FlightNumber,ArrivalAirport,DeptAirport,SchArrivalTime,SchDepTime,EconomyPrice,PremiumPricing,FirstPricing,AirplaneID) VALUES (5,'KALB','KISP','09:30:00','08:30:00',250,300,450,'Nearly');
INSERT INTO Flight (FlightNumber,ArrivalAirport,DeptAirport,SchArrivalTime,SchDepTime,EconomyPrice,PremiumPricing,FirstPricing,AirplaneID) VALUES (6,'KISP','KALB','13:30:00','12:30:00',200,250,400,'N00dle');
INSERT INTO Flight (FlightNumber,ArrivalAirport,DeptAirport,SchArrivalTime,SchDepTime,EconomyPrice,PremiumPricing,FirstPricing,AirplaneID) VALUES (7,'KISP','KALB','09:30:00','08:30:00',250,300,450,'Nearly');
INSERT INTO Flight (FlightNumber,ArrivalAirport,DeptAirport,SchArrivalTime,SchDepTime,EconomyPrice,PremiumPricing,FirstPricing,AirplaneID) VALUES (8,'KALB','KISP','13:30:00','12:30:00',99,150,199,'N00dle');
INSERT INTO Flight (FlightNumber,ArrivalAirport,DeptAirport,SchArrivalTime,SchDepTime,EconomyPrice,PremiumPricing,FirstPricing,AirplaneID) VALUES (9,'KALB','KISP','16:30:00','15:30:00',250,280,450,'Nearly');
INSERT INTO Flight (FlightNumber,ArrivalAirport,DeptAirport,SchArrivalTime,SchDepTime,EconomyPrice,PremiumPricing,FirstPricing,AirplaneID) VALUES (10,'KISP','KALB','16:30:00','15:30:00',249,299,740,'N00dle');
INSERT INTO Flight (FlightNumber,ArrivalAirport,DeptAirport,SchArrivalTime,SchDepTime,EconomyPrice,PremiumPricing,FirstPricing,AirplaneID) VALUES (11,'KALB','KISP','20:30:00','19:30:00',250,300,450,'Nearly');
INSERT INTO Flight (FlightNumber,ArrivalAirport,DeptAirport,SchArrivalTime,SchDepTime,EconomyPrice,PremiumPricing,FirstPricing,AirplaneID) VALUES (12,'KISP','KALB','20:30:00','19:30:00',250,300,500,'N00dle');
INSERT INTO Flight (FlightNumber,ArrivalAirport,DeptAirport,SchArrivalTime,SchDepTime,EconomyPrice,PremiumPricing,FirstPricing,AirplaneID) VALUES (13,'KISP','KDCA','08:45:00','07:45:00',249,299,750,'N0tgrt');
INSERT INTO Flight (FlightNumber,ArrivalAirport,DeptAirport,SchArrivalTime,SchDepTime,EconomyPrice,PremiumPricing,FirstPricing,AirplaneID) VALUES (14,'KDCA','KISP','13:00:00','12:00:00',99,150,199,'N0tbad');
INSERT INTO Flight (FlightNumber,ArrivalAirport,DeptAirport,SchArrivalTime,SchDepTime,EconomyPrice,PremiumPricing,FirstPricing,AirplaneID) VALUES (15,'KDCA','KISP','08:45:00','07:45:00',249,299,740,'Ntg00d');
INSERT INTO Flight (FlightNumber,ArrivalAirport,DeptAirport,SchArrivalTime,SchDepTime,EconomyPrice,PremiumPricing,FirstPricing,AirplaneID) VALUES (16,'KISP','KDCA','16:00:00','15:00:00',249,299,740,'N0000');
INSERT INTO Flight (FlightNumber,ArrivalAirport,DeptAirport,SchArrivalTime,SchDepTime,EconomyPrice,PremiumPricing,FirstPricing,AirplaneID) VALUES (17,'KISP','KDCA','10:30:00','09:30:00',249,320,740,'N0tgrt');
INSERT INTO Flight (FlightNumber,ArrivalAirport,DeptAirport,SchArrivalTime,SchDepTime,EconomyPrice,PremiumPricing,FirstPricing,AirplaneID) VALUES (18,'KDCA','KISP','18:30:00','17:30:00',249,299,740,'N0tbad');
INSERT INTO Flight (FlightNumber,ArrivalAirport,DeptAirport,SchArrivalTime,SchDepTime,EconomyPrice,PremiumPricing,FirstPricing,AirplaneID) VALUES (19,'KISP','KDCA','18:30:00','17:30:00',249,320,740,'Ntg00d');
INSERT INTO Flight (FlightNumber,ArrivalAirport,DeptAirport,SchArrivalTime,SchDepTime,EconomyPrice,PremiumPricing,FirstPricing,AirplaneID) VALUES (20,'KDCA','KISP','19:30:00','18:30:00',249,299,700,'N0000');

INSERT INTO ActualFlight (FlightNumber,FlightDate,ActArrivalTime,ActDepTime,ActFlightDur,AriFlightDate,DepFlightDate,AirplaneID,PilotFAAID1,PilotFAAID2) VALUES (1,'2015-04-16','09:00:00','08:00:00',1,'2015-04-16','2015-04-16','Notfun','16247404','88018669');
INSERT INTO ActualFlight (FlightNumber,FlightDate,ActArrivalTime,ActDepTime,ActFlightDur,AriFlightDate,DepFlightDate,AirplaneID,PilotFAAID1,PilotFAAID2) VALUES (2,'2015-04-16','13:00:00','12:00:00',1,'2015-04-16','2015-04-16','Notfun','21898032','93969652');
INSERT INTO ActualFlight (FlightNumber,FlightDate,ActArrivalTime,ActDepTime,ActFlightDur,AriFlightDate,DepFlightDate,AirplaneID,PilotFAAID1,PilotFAAID2) VALUES (3,'2015-04-16','16:00:00','15:00:00',1,'2015-04-16','2015-04-16','Notfun','67687980','21898032');
INSERT INTO ActualFlight (FlightNumber,FlightDate,ActArrivalTime,ActDepTime,ActFlightDur,AriFlightDate,DepFlightDate,AirplaneID,PilotFAAID1,PilotFAAID2) VALUES (4,'2015-04-16','20:00:00','19:00:00',1,'2015-04-16','2015-04-16','Notfun','81705732','16247404');
INSERT INTO ActualFlight (FlightNumber,FlightDate,ActArrivalTime,ActDepTime,ActFlightDur,AriFlightDate,DepFlightDate,AirplaneID,PilotFAAID1,PilotFAAID2) VALUES (5,'2015-04-16','09:30:00','08:30:00',1,'2015-04-16','2015-04-16','Nearly','13086596','67687980');
INSERT INTO ActualFlight (FlightNumber,FlightDate,ActArrivalTime,ActDepTime,ActFlightDur,AriFlightDate,DepFlightDate,AirplaneID,PilotFAAID1,PilotFAAID2) VALUES (6,'2015-04-16','13:30:00','12:30:00',1,'2015-04-16','2015-04-16','N00dle','16247404','81705732');
INSERT INTO ActualFlight (FlightNumber,FlightDate,ActArrivalTime,ActDepTime,ActFlightDur,AriFlightDate,DepFlightDate,AirplaneID,PilotFAAID1,PilotFAAID2) VALUES (7,'2015-04-16','09:30:00','08:30:00',1,'2015-04-16','2015-04-16','Nearly','21898032','16247404');
INSERT INTO ActualFlight (FlightNumber,FlightDate,ActArrivalTime,ActDepTime,ActFlightDur,AriFlightDate,DepFlightDate,AirplaneID,PilotFAAID1,PilotFAAID2) VALUES (8,'2015-04-16','13:30:00','12:30:00',1,'2015-04-16','2015-04-16','N00dle','63367845','21898032');
INSERT INTO ActualFlight (FlightNumber,FlightDate,ActArrivalTime,ActDepTime,ActFlightDur,AriFlightDate,DepFlightDate,AirplaneID,PilotFAAID1,PilotFAAID2) VALUES (9,'2015-04-16','16:30:00','15:30:00',1,'2015-04-16','2015-04-16','Nearly','88018669','67687980');
INSERT INTO ActualFlight (FlightNumber,FlightDate,ActArrivalTime,ActDepTime,ActFlightDur,AriFlightDate,DepFlightDate,AirplaneID,PilotFAAID1,PilotFAAID2) VALUES (10,'2015-04-16','16:30:00','15:30:00',1,'2015-04-16','2015-04-16','N00dle','93855282','81705732');
INSERT INTO ActualFlight (FlightNumber,FlightDate,ActArrivalTime,ActDepTime,ActFlightDur,AriFlightDate,DepFlightDate,AirplaneID,PilotFAAID1,PilotFAAID2) VALUES (11,'2015-04-16','20:30:00','19:30:00',1,'2015-04-16','2015-04-16','Nearly','63367845','13086596');
INSERT INTO ActualFlight (FlightNumber,FlightDate,ActArrivalTime,ActDepTime,ActFlightDur,AriFlightDate,DepFlightDate,AirplaneID,PilotFAAID1,PilotFAAID2) VALUES (12,'2015-04-16','20:30:00','19:30:00',1,'2015-04-16','2015-04-16','N00dle','67687980','16247404');
INSERT INTO ActualFlight (FlightNumber,FlightDate,ActArrivalTime,ActDepTime,ActFlightDur,AriFlightDate,DepFlightDate,AirplaneID,PilotFAAID1,PilotFAAID2) VALUES (13,'2015-04-16','08:45:00','07:45:00',1,'2015-04-16','2015-04-16','N0tgrt','81705732','21898032');
INSERT INTO ActualFlight (FlightNumber,FlightDate,ActArrivalTime,ActDepTime,ActFlightDur,AriFlightDate,DepFlightDate,AirplaneID,PilotFAAID1,PilotFAAID2) VALUES (14,'2015-04-16','13:00:00','12:00:00',1,'2015-04-16','2015-04-16','N0tbad','90181863','63367845');
INSERT INTO ActualFlight (FlightNumber,FlightDate,ActArrivalTime,ActDepTime,ActFlightDur,AriFlightDate,DepFlightDate,AirplaneID,PilotFAAID1,PilotFAAID2) VALUES (15,'2015-04-16','08:45:00','07:45:00',1,'2015-04-16','2015-04-16','Ntg00d','81705732','88018669');
INSERT INTO ActualFlight (FlightNumber,FlightDate,ActArrivalTime,ActDepTime,ActFlightDur,AriFlightDate,DepFlightDate,AirplaneID,PilotFAAID1,PilotFAAID2) VALUES (16,'2015-04-16','16:00:00','15:00:00',1,'2015-04-16','2015-04-16','N0000','93969652','93855282');
INSERT INTO ActualFlight (FlightNumber,FlightDate,ActArrivalTime,ActDepTime,ActFlightDur,AriFlightDate,DepFlightDate,AirplaneID,PilotFAAID1,PilotFAAID2) VALUES (17,'2015-04-16','10:30:00','09:30:00',1,'2015-04-16','2015-04-16','N0tgrt','90181863','63367845');
INSERT INTO ActualFlight (FlightNumber,FlightDate,ActArrivalTime,ActDepTime,ActFlightDur,AriFlightDate,DepFlightDate,AirplaneID,PilotFAAID1,PilotFAAID2) VALUES (18,'2015-04-16','18:30:00','17:30:00',1,'2015-04-16','2015-04-16','N0tbad','63367845','67687980');
INSERT INTO ActualFlight (FlightNumber,FlightDate,ActArrivalTime,ActDepTime,ActFlightDur,AriFlightDate,DepFlightDate,AirplaneID,PilotFAAID1,PilotFAAID2) VALUES (19,'2015-04-16','18:30:00','17:30:00',1,'2015-04-16','2015-04-16','Ntg00d','93855282','81705732');
INSERT INTO ActualFlight (FlightNumber,FlightDate,ActArrivalTime,ActDepTime,ActFlightDur,AriFlightDate,DepFlightDate,AirplaneID,PilotFAAID1,PilotFAAID2) VALUES (20,'2015-04-16','19:30:00','18:30:00',1,'2015-04-16','2015-04-16','N0000','13086596','90181863');

INSERT INTO TicketRes (TicketNumberID,AirplaneID,PassengerFFN,FlightNumber,FlightDate,TypeOfSeat) VALUES (86448535,'Notfun',53414,1,'2015-04-16','Economy');
INSERT INTO TicketRes (TicketNumberID,AirplaneID,PassengerFFN,FlightNumber,FlightDate,TypeOfSeat) VALUES (10674995,'Notfun',74012,2,'2015-04-16','Premium');
INSERT INTO TicketRes (TicketNumberID,AirplaneID,PassengerFFN,FlightNumber,FlightDate,TypeOfSeat) VALUES (66178362,'Notfun',31318,3,'2015-04-16','First');
INSERT INTO TicketRes (TicketNumberID,AirplaneID,PassengerFFN,FlightNumber,FlightDate,TypeOfSeat) VALUES (12926239,'Notfun',17178,4,'2015-04-16','Economy');
INSERT INTO TicketRes (TicketNumberID,AirplaneID,PassengerFFN,FlightNumber,FlightDate,TypeOfSeat) VALUES (52468376,'Nearly',46737,5,'2015-04-16','Premium');
INSERT INTO TicketRes (TicketNumberID,AirplaneID,PassengerFFN,FlightNumber,FlightDate,TypeOfSeat) VALUES (70263533,'N00dle',54240,6,'2015-04-16','First');
INSERT INTO TicketRes (TicketNumberID,AirplaneID,PassengerFFN,FlightNumber,FlightDate,TypeOfSeat) VALUES (81150909,'Nearly',15738,7,'2015-04-16','First');
INSERT INTO TicketRes (TicketNumberID,AirplaneID,PassengerFFN,FlightNumber,FlightDate,TypeOfSeat) VALUES (81296878,'N00dle',90218,8,'2015-04-16','First');

